Question,Cot,Answer
Who was the 1st president of the United States?,"Counting the presidents in order, the 1st was George Washington.","George Washington was the 1st president of the United States, serving from 1789 to 1797."
Who was the 2nd president of the United States?,The 2nd president was John Adams.,"John Adams was the 2nd president of the United States, serving from 1797 to 1801."
Who was the 3rd president of the United States?,The 3rd president was Thomas Jefferson.,"Thomas Jefferson was the 3rd president of the United States, serving from 1801 to 1809."
Who was the 4th president of the United States?,The 4th president was James Madison.,"James Madison was the 4th president of the United States, serving from 1809 to 1817."
Who was the 7th president of the United States?,The 7th president was Andrew Jackson.,"Andrew Jackson was the 7th president of the United States, serving from 1829 to 1837."
Who was the 16th president of the United States?,The 16th president was Abraham Lincoln.,"Abraham Lincoln was the 16th president of the United States, serving from 1861 to 1865."
Who was the 18th president of the United States?,The 18th president was Ulysses S. Grant.,"Ulysses S. Grant was the 18th president of the United States, serving from 1869 to 1877."
Who was the 26th president of the United States?,The 26th president was Theodore Roosevelt.,"Theodore Roosevelt was the 26th president of the United States, serving from 1901 to 1909."
Who was the 28th president of the United States?,The 28th president was Woodrow Wilson.,"Woodrow Wilson was the 28th president of the United States, serving from 1913 to 1921."
Who was the 32nd president of the United States?,The 32nd president was Franklin D. Roosevelt.,"Franklin D. Roosevelt was the 32nd president of the United States, serving from 1933 to 1945."
Who was the 33rd president of the United States?,The 33rd president was Harry S. Truman.,"Harry S. Truman was the 33rd president of the United States, serving from 1945 to 1953."
Who was the 34th president of the United States?,The 34th president was Dwight D. Eisenhower.,"Dwight D. Eisenhower was the 34th president of the United States, serving from 1953 to 1961."
Who was the 35th president of the United States?,Counting US presidents in order lands on John F. Kennedy as the 35th.,"John F. Kennedy was the 35th president of the United States, serving from 1961 to 1963."
Who was the 36th president of the United States?,The 36th president was Lyndon B. Johnson.,"Lyndon B. Johnson was the 36th president of the United States, serving from 1963 to 1969."
Who was the 37th president of the United States?,The 37th president was Richard Nixon.,"Richard Nixon was the 37th president of the United States, serving from 1969 to 1974."
Who was the 39th president of the United States?,The 39th president was Jimmy Carter.,"Jimmy Carter was the 39th president of the United States, serving from 1977 to 1981."
Who was the 40th president of the United States?,The 40th president was Ronald Reagan.,"Ronald Reagan was the 40th president of the United States, serving from 1981 to 1989."
Who was the 41st president of the United States?,The 41st president was George H. W. Bush.,"George H. W. Bush was the 41st president of the United States, serving from 1989 to 1993."
Who was the 42nd president of the United States?,The 42nd president was Bill Clinton.,"Bill Clinton was the 42nd president of the United States, serving from 1993 to 2001."
Who was the 43rd president of the United States?,The 43rd president was George W. Bush.,"George W. Bush was the 43rd president of the United States, serving from 2001 to 2009."
Who was the 44th president of the United States?,The 44th president was Barack Obama.,"Barack Obama was the 44th president of the United States, serving from 2009 to 2017."
Who was the 45th president of the United States?,The 45th president was Donald Trump.,"Donald Trump was the 45th president of the United States, serving from 2017 to 2021."
Who was the 46th president of the United States?,The 46th president was Joe Biden.,"Joe Biden was the 46th president of the United States, taking office in 2021."
